{"initial_reset_timestamp": 1548898401.9281285, "timestamps": [1548898476.8381023], "episode_lengths": [1666], "episode_rewards": [20.0], "episode_types": ["t"]}